{
    "rmse": 0.6504041654960345,
    "mae": 0.5017884555559137,
    "r2": 0.26225047350088404
}